<vlcmAuto>
    <Game>
        <LoginInfo user="huutrong_vlcm" pass="ea7c2da05471428f198817035685c658" gate="0" server="1119" channel="1" player="ZxHeroxZ" license="F802ADC653BDF90E59747EDFE6A4868C"/>
        <TrainInfo>
            <PosInfo bossId="1082" bossCheck="0"/>
            <PosInfo bossId="1141" bossCheck="0"/>
            <PosInfo bossId="1271" bossCheck="0"/>
            <PosInfo bossId="1191" bossCheck="0"/>
            <PosInfo bossId="1231" bossCheck="0"/>
            <PosInfo bossId="1351" bossCheck="0"/>
            <PosInfo bossId="1431" bossCheck="0"/>
            <PosInfo bossId="1471" bossCheck="0"/>
            <PosInfo bossId="1561" bossCheck="0"/>
            <PosInfo bossId="1711" bossCheck="0"/>
            <PosInfo bossId="1641" bossCheck="0"/>
            <PosInfo bossId="1761" bossCheck="0"/>
            <PosInfo bossId="1842" bossCheck="0"/>
            <PosInfo bossId="1841" bossCheck="0"/>
            <PosInfo bossId="2040" bossCheck="0"/>
        </TrainInfo>
        <ToolTrainInfo fastrelife="1" relifetime="1" buffphuthe="0" buffdck="0" uphorse="1" indexhorse="0" enablemedi="0" timemedi="30" enablelaghandle="1" timelaghandle="1" enablechangechannel="0" enableautotrain="0" maptraininfo="[null]-[0]-(0,0)"/>
    </Game>
    <Game>
        <LoginInfo user="huutrong_12" pass="b0ca516a38d91b0b2124e98f65490487" gate="0" server="1119" channel="1" player="ZxChoixZ" license="F802ADC653BDF90E59747EDFE6A4868C"/>
        <TrainInfo>
            <PosInfo bossId="1082" bossCheck="0"/>
            <PosInfo bossId="1141" bossCheck="0"/>
            <PosInfo bossId="1271" bossCheck="0"/>
            <PosInfo bossId="1191" bossCheck="0"/>
            <PosInfo bossId="1231" bossCheck="0"/>
            <PosInfo bossId="1351" bossCheck="0"/>
            <PosInfo bossId="1431" bossCheck="0"/>
            <PosInfo bossId="1471" bossCheck="0"/>
            <PosInfo bossId="1561" bossCheck="0"/>
            <PosInfo bossId="1711" bossCheck="0"/>
            <PosInfo bossId="1641" bossCheck="0"/>
            <PosInfo bossId="1761" bossCheck="0"/>
            <PosInfo bossId="1842" bossCheck="0"/>
            <PosInfo bossId="1841" bossCheck="0"/>
            <PosInfo bossId="2040" bossCheck="0"/>
        </TrainInfo>
        <ToolTrainInfo fastrelife="1" relifetime="1" buffphuthe="0" buffdck="0" uphorse="1" indexhorse="0" enablemedi="0" timemedi="30" enablelaghandle="0" timelaghandle="1" enablechangechannel="0" enableautotrain="0" maptraininfo="[null]-[0]-(0,0)"/>
    </Game>
</vlcmAuto>
